{
  "modelo": "facebook/convnext-base-224",
  "mejor_config": {
    "lr": 5e-05,
    "batch_size": 16,
    "dropout": 0.3,
    "scheduler": "cosine",
    "llrd": 0.9
  },
  "mejor_f1_val": 0.9709,
  "epocas_entrenadas": 22,
  "tiempo_total_seg": 1512.3,
  "metricas_test": {
    "accuracy": 0.941667,
    "f1_macro": 0.94143,
    "precision": 0.941761,
    "recall": 0.941667,
    "auc_roc": 0.991748,
    "f1_por_clase": {
      "glioma": 0.888889,
      "meningioma": 0.926829,
      "notumor": 0.966667,
      "pituitary": 0.983333
    }
  },
  "historial_mejor_ensayo": {
    "loss_train": [
      0.976180978332247,
      0.4266573686684881,
      0.2456781645970685,
      0.1518551222181746,
      0.10336805637925864,
      0.05370888223738542,
      0.03349824023566076,
      0.019851193668520343,
      0.019982759404229,
      0.012061183045651498,
      0.0047748400131240485,
      0.006477340787699047,
      0.006509141508805831,
      0.009816693558241241,
      0.0022399901187912163,
      0.002908240204643724,
      0.0017110013644144472,
      0.0015901973500149324,
      0.0019183886216654043,
      0.002006239689736893,
      0.0018893341440291676,
      0.002076086586540831
    ],
    "loss_val": [
      0.6500003536542257,
      0.3242401609818141,
      0.25228380660216015,
      0.19114662446081637,
      0.18391603368024032,
      0.16084323019410174,
      0.16878598023516436,
      0.18550941625144332,
      0.17793524404211591,
      0.19541197339228045,
      0.22497091559537996,
      0.17276404411143934,
      0.20482336435234175,
      0.1650564203077617,
      0.1911286021291744,
      0.21333975818318626,
      0.19261514876658717,
      0.1930568501993548,
      0.2400711983985578,
      0.1941139592769711,
      0.2850096108391881,
      0.1979247272092228
    ],
    "f1_train": [
      0.6381946227848827,
      0.8618918621456156,
      0.9120614785778427,
      0.9412283418674867,
      0.9651765956673928,
      0.9839473343726519,
      0.9875189025787456,
      0.9937451712365689,
      0.9937495017141035,
      0.9964317148422234,
      0.9982158659018711,
      0.9964253484464999,
      0.9982142857142857,
      0.9982142828671556,
      0.9991071400100128,
      0.9991071400100128,
      0.9991071400100128,
      0.9991071400100128,
      0.9982142857142857,
      0.9982142857142857,
      0.9991071400100128,
      0.9991071400100128
    ],
    "f1_val": [
      0.7209299947780645,
      0.8913132899788554,
      0.9210909337668447,
      0.9416159464041617,
      0.9543312871926881,
      0.9499565638154343,
      0.9459190866612132,
      0.9545022761125878,
      0.9543460486263838,
      0.9545415985897691,
      0.9583780942011968,
      0.9625963145150924,
      0.9583906810983895,
      0.966802656767988,
      0.9625590441789386,
      0.958455853637245,
      0.9709004529112387,
      0.9667312103598624,
      0.9543462674696519,
      0.9626248580737663,
      0.9371888578745936,
      0.9709004529112387
    ],
    "acc_train": [
      0.6517857142857143,
      0.8633928571428572,
      0.9116071428571428,
      0.9410714285714286,
      0.9651785714285714,
      0.9839285714285714,
      0.9875,
      0.99375,
      0.99375,
      0.9964285714285714,
      0.9982142857142857,
      0.9964285714285714,
      0.9982142857142857,
      0.9982142857142857,
      0.9991071428571429,
      0.9991071428571429,
      0.9991071428571429,
      0.9991071428571429,
      0.9982142857142857,
      0.9982142857142857,
      0.9991071428571429,
      0.9991071428571429
    ],
    "acc_val": [
      0.7541666666666667,
      0.8916666666666667,
      0.9208333333333333,
      0.9416666666666667,
      0.9541666666666667,
      0.95,
      0.9458333333333333,
      0.9541666666666667,
      0.9541666666666667,
      0.9541666666666667,
      0.9583333333333334,
      0.9625,
      0.9583333333333334,
      0.9666666666666667,
      0.9625,
      0.9583333333333334,
      0.9708333333333333,
      0.9666666666666667,
      0.9541666666666667,
      0.9625,
      0.9375,
      0.9708333333333333
    ]
  },
  "resumen_ensayos": [
    {
      "id": 1,
      "lr": 1e-05,
      "dropout": 0.3,
      "scheduler": "step",
      "llrd": 0.75,
      "f1_val": 0.882104,
      "tiempo_min": 29.77
    },
    {
      "id": 2,
      "lr": 5e-05,
      "dropout": 0.3,
      "scheduler": "cosine",
      "llrd": 0.75,
      "f1_val": 0.962523,
      "tiempo_min": 24.06
    },
    {
      "id": 3,
      "lr": 0.0003,
      "dropout": 0.0,
      "scheduler": "cosine",
      "llrd": 0.75,
      "f1_val": 0.970718,
      "tiempo_min": 12.6
    },
    {
      "id": 4,
      "lr": 5e-05,
      "dropout": 0.3,
      "scheduler": "cosine",
      "llrd": 0.9,
      "f1_val": 0.9709,
      "tiempo_min": 25.2
    }
  ]
}