{
  "modelo": "google/vit-base-patch16-224",
  "mejor_config": {
    "lr": 1e-05,
    "batch_size": 16,
    "dropout": 0.0,
    "scheduler": "cosine"
  },
  "mejor_f1_val": 0.966985,
  "epocas_entrenadas": 22,
  "tiempo_total_seg": 1033.9,
  "metricas_test": {
    "accuracy": 0.945833,
    "f1_macro": 0.946173,
    "precision": 0.946704,
    "recall": 0.945833,
    "auc_roc": 0.990417,
    "f1_por_clase": {
      "glioma": 0.916667,
      "meningioma": 0.901639,
      "notumor": 0.97479,
      "pituitary": 0.991597
    }
  },
  "historial_mejor_ensayo": {
    "loss_train": [
      0.9086888138736997,
      0.4607893013528415,
      0.3117603982133525,
      0.20866257111941064,
      0.1469145243721349,
      0.1062602022928851,
      0.07894853023546082,
      0.06712014771266175,
      0.04759198712251548,
      0.032078100682701914,
      0.02527240945325632,
      0.031049564484107707,
      0.02002747879263812,
      0.01155520176315414,
      0.01461085726789731,
      0.006260490706855697,
      0.012217375000805728,
      0.009649821456488489,
      0.007740756381203287,
      0.008262748441692176,
      0.0037076050365742828,
      0.0037404409098339133
    ],
    "loss_val": [
      0.5860190828641255,
      0.4040934830904007,
      0.28788390358289084,
      0.21841699456175168,
      0.1909725317110618,
      0.17221229250232378,
      0.18490980335821708,
      0.1549076252306501,
      0.18765638750046493,
      0.20350798297052583,
      0.15529156915533046,
      0.16266289711153756,
      0.16538274290505797,
      0.16431370708936205,
      0.15389229535746077,
      0.155362211043636,
      0.16490026852115988,
      0.1595556617404024,
      0.1736886400108536,
      0.16776189172330003,
      0.17644806152675302,
      0.19266603993407141
    ],
    "f1_train": [
      0.6484109224550049,
      0.8432645953918652,
      0.8885765833707682,
      0.9303147783233059,
      0.9456427444135198,
      0.9678797170440745,
      0.9759239932247301,
      0.9830261223045081,
      0.986579118098992,
      0.99016708009129,
      0.9919689808739669,
      0.99017842310042,
      0.9946428060765704,
      0.9964285714285714,
      0.9946396512743981,
      0.9982142828671556,
      0.9964317260788677,
      0.9973230172700077,
      0.9973181883837896,
      0.9982142629370272,
      0.9991071400100128,
      0.9991071400100128
    ],
    "f1_val": [
      0.8349874398447095,
      0.8620381571406657,
      0.9077776520673324,
      0.9337797512983896,
      0.9377250070480799,
      0.9459646476226208,
      0.9421187770192607,
      0.950402889691581,
      0.9501044042329148,
      0.941809654409778,
      0.9584535155950658,
      0.9585504998174613,
      0.962697058646914,
      0.9627898429843401,
      0.9626595525252105,
      0.9626595525252105,
      0.9669847015729369,
      0.962697058646914,
      0.9625963145150924,
      0.9585504998174613,
      0.9586581903232757,
      0.9628524554541503
    ],
    "acc_train": [
      0.6633928571428571,
      0.8455357142857143,
      0.8883928571428571,
      0.9303571428571429,
      0.9455357142857143,
      0.9678571428571429,
      0.9758928571428571,
      0.9830357142857142,
      0.9866071428571429,
      0.9901785714285715,
      0.9919642857142857,
      0.9901785714285715,
      0.9946428571428572,
      0.9964285714285714,
      0.9946428571428572,
      0.9982142857142857,
      0.9964285714285714,
      0.9973214285714286,
      0.9973214285714286,
      0.9982142857142857,
      0.9991071428571429,
      0.9991071428571429
    ],
    "acc_val": [
      0.8375,
      0.8625,
      0.9083333333333333,
      0.9333333333333333,
      0.9375,
      0.9458333333333333,
      0.9416666666666667,
      0.95,
      0.95,
      0.9416666666666667,
      0.9583333333333334,
      0.9583333333333334,
      0.9625,
      0.9625,
      0.9625,
      0.9625,
      0.9666666666666667,
      0.9625,
      0.9625,
      0.9583333333333334,
      0.9583333333333334,
      0.9625
    ]
  },
  "resumen_ensayos": [
    {
      "id": 1,
      "lr": 1e-05,
      "dropout": 0.3,
      "scheduler": "step",
      "f1_val": 0.950333,
      "tiempo_min": 16.95
    },
    {
      "id": 2,
      "lr": 5e-05,
      "dropout": 0.0,
      "scheduler": "cosine",
      "f1_val": 0.966931,
      "tiempo_min": 14.13
    },
    {
      "id": 3,
      "lr": 1e-05,
      "dropout": 0.0,
      "scheduler": "cosine",
      "f1_val": 0.966985,
      "tiempo_min": 17.23
    },
    {
      "id": 4,
      "lr": 1e-05,
      "dropout": 0.0,
      "scheduler": "cosine",
      "f1_val": 0.95855,
      "tiempo_min": 18.8
    }
  ]
}